sample_name	sample_label	cell_line	fire_dir	phasing_dir	sample	barcode	with_genotype	merged_bam_file	preprocess_dir	bam_file	phased_vcf_file
AL6_bc2162_19093	AL6	NA19093	/project/spott/1_Shared_projects/LCL_Fiber_seq/FIRE/results/AL6_bc2162_19093	/project/spott/1_Shared_projects/LCL_Fiber_seq/preprocess_final_merged_samples/AL6_bc2162_19093	AL-6	bc2162	Yes	/project/spott/1_Shared_projects/LCL_Fiber_seq/final_merged_samples/AL6_bc2162_19093.5mC.6mA.nuc.aligned.bam	/project/spott/1_Shared_projects/LCL_Fiber_seq/preprocess_final_merged_samples	/project/spott/1_Shared_projects/LCL_Fiber_seq/preprocess_final_merged_samples/AL6_bc2162_19093.5mC.6mA.aligned.phased.bam	/project/spott/1_Shared_projects/LCL_Fiber_seq/preprocess_final_merged_samples/AL6_bc2162_19093/AL6_bc2162_19093.5mC.6mA.aligned.phased.vcf.gz
AL8_bc2170_19151	AL8	NA19151	/project/spott/1_Shared_projects/LCL_Fiber_seq/FIRE/results/AL8_bc2170_19151	/project/spott/1_Shared_projects/LCL_Fiber_seq/preprocess_final_merged_samples/AL8_bc2170_19151	AL-8	bc2170	No	/project/spott/1_Shared_projects/LCL_Fiber_seq/final_merged_samples/AL8_bc2170_19151.5mC.6mA.nuc.aligned.bam	/project/spott/1_Shared_projects/LCL_Fiber_seq/preprocess_final_merged_samples	/project/spott/1_Shared_projects/LCL_Fiber_seq/preprocess_final_merged_samples/AL8_bc2170_19151.5mC.6mA.nuc.aligned.bam	/project/spott/1_Shared_projects/LCL_Fiber_seq/preprocess_final_merged_samples/AL8_bc2170_19151/AL8_bc2170_19151.5mC.6mA.aligned.phased.vcf.gz
AL10_bc2178_19130	AL10	NA19130	/project/spott/1_Shared_projects/LCL_Fiber_seq/FIRE/results/AL10_bc2178_19130	/project/spott/1_Shared_projects/LCL_Fiber_seq/preprocess_final_merged_samples/AL10_bc2178_19130	AL-10	bc2178	Yes	/project/spott/1_Shared_projects/LCL_Fiber_seq/final_merged_samples/AL10_bc2178_19130.5mC.6mA.nuc.aligned.bam	/project/spott/1_Shared_projects/LCL_Fiber_seq/preprocess_final_merged_samples	/project/spott/1_Shared_projects/LCL_Fiber_seq/preprocess_final_merged_samples/AL10_bc2178_19130.5mC.6mA.aligned.phased.bam	/project/spott/1_Shared_projects/LCL_Fiber_seq/preprocess_final_merged_samples/AL10_bc2178_19130/AL10_bc2178_19130.5mC.6mA.aligned.phased.vcf.gz
AL16_bc2114_18508	AL16	NA18508	/project/spott/1_Shared_projects/LCL_Fiber_seq/FIRE/results/AL16_bc2114_18508	/project/spott/1_Shared_projects/LCL_Fiber_seq/preprocess_final_merged_samples/AL16_bc2114_18508	AL-16	bc2114	Yes	/project/spott/1_Shared_projects/LCL_Fiber_seq/final_merged_samples/AL16_bc2114_18508.5mC.6mA.nuc.aligned.bam	/project/spott/1_Shared_projects/LCL_Fiber_seq/preprocess_final_merged_samples	/project/spott/1_Shared_projects/LCL_Fiber_seq/preprocess_final_merged_samples/AL16_bc2114_18508.5mC.6mA.aligned.phased.bam	/project/spott/1_Shared_projects/LCL_Fiber_seq/preprocess_final_merged_samples/AL16_bc2114_18508/AL16_bc2114_18508.5mC.6mA.aligned.phased.vcf.gz
AL18_bc2130_18504	AL18	NA18504	/project/spott/1_Shared_projects/LCL_Fiber_seq/FIRE/results/AL18_bc2130_18504	/project/spott/1_Shared_projects/LCL_Fiber_seq/preprocess_final_merged_samples/AL18_bc2130_18504	AL-18	bc2130	Yes	/project/spott/1_Shared_projects/LCL_Fiber_seq/final_merged_samples/AL18_bc2130_18504.5mC.6mA.nuc.aligned.bam	/project/spott/1_Shared_projects/LCL_Fiber_seq/preprocess_final_merged_samples	/project/spott/1_Shared_projects/LCL_Fiber_seq/preprocess_final_merged_samples/AL18_bc2130_18504.5mC.6mA.aligned.phased.bam	/project/spott/1_Shared_projects/LCL_Fiber_seq/preprocess_final_merged_samples/AL18_bc2130_18504/AL18_bc2130_18504.5mC.6mA.aligned.phased.vcf.gz
AL19_bc2138_18861	AL19	NA18861	/project/spott/1_Shared_projects/LCL_Fiber_seq/FIRE/results/AL19_bc2138_18861	/project/spott/1_Shared_projects/LCL_Fiber_seq/preprocess_final_merged_samples/AL19_bc2138_18861	AL-19	bc2138	Yes	/project/spott/1_Shared_projects/LCL_Fiber_seq/final_merged_samples/AL19_bc2138_18861.5mC.6mA.nuc.aligned.bam	/project/spott/1_Shared_projects/LCL_Fiber_seq/preprocess_final_merged_samples	/project/spott/1_Shared_projects/LCL_Fiber_seq/preprocess_final_merged_samples/AL19_bc2138_18861.5mC.6mA.aligned.phased.bam	/project/spott/1_Shared_projects/LCL_Fiber_seq/preprocess_final_merged_samples/AL19_bc2138_18861/AL19_bc2138_18861.5mC.6mA.aligned.phased.vcf.gz
AL20_bc2146_19209	AL20	NA19209	/project/spott/1_Shared_projects/LCL_Fiber_seq/FIRE/results/AL20_bc2146_19209	/project/spott/1_Shared_projects/LCL_Fiber_seq/preprocess_final_merged_samples/AL20_bc2146_19209	AL-20	bc2146	Yes	/project/spott/1_Shared_projects/LCL_Fiber_seq/final_merged_samples/AL20_bc2146_19209.5mC.6mA.nuc.aligned.bam	/project/spott/1_Shared_projects/LCL_Fiber_seq/preprocess_final_merged_samples	/project/spott/1_Shared_projects/LCL_Fiber_seq/preprocess_final_merged_samples/AL20_bc2146_19209.5mC.6mA.aligned.phased.bam	/project/spott/1_Shared_projects/LCL_Fiber_seq/preprocess_final_merged_samples/AL20_bc2146_19209/AL20_bc2146_19209.5mC.6mA.aligned.phased.vcf.gz
AL27_bc2155_18913	AL27	NA18913	/project/spott/1_Shared_projects/LCL_Fiber_seq/FIRE/results/AL27_bc2155_18913	/project/spott/1_Shared_projects/LCL_Fiber_seq/preprocess_final_merged_samples/AL27_bc2155_18913	AL-27	bc2155	Yes	/project/spott/1_Shared_projects/LCL_Fiber_seq/final_merged_samples/AL27_bc2155_18913.5mC.6mA.nuc.aligned.bam	/project/spott/1_Shared_projects/LCL_Fiber_seq/preprocess_final_merged_samples	/project/spott/1_Shared_projects/LCL_Fiber_seq/preprocess_final_merged_samples/AL27_bc2155_18913.5mC.6mA.aligned.phased.bam	/project/spott/1_Shared_projects/LCL_Fiber_seq/preprocess_final_merged_samples/AL27_bc2155_18913/AL27_bc2155_18913.5mC.6mA.aligned.phased.vcf.gz
AL28_bc2163_19153	AL28	NA19153	/project/spott/1_Shared_projects/LCL_Fiber_seq/FIRE/results/AL28_bc2163_19153	/project/spott/1_Shared_projects/LCL_Fiber_seq/preprocess_final_merged_samples/AL28_bc2163_19153	AL-28	bc2163	Yes	/project/spott/1_Shared_projects/LCL_Fiber_seq/final_merged_samples/AL28_bc2163_19153.5mC.6mA.nuc.aligned.bam	/project/spott/1_Shared_projects/LCL_Fiber_seq/preprocess_final_merged_samples	/project/spott/1_Shared_projects/LCL_Fiber_seq/preprocess_final_merged_samples/AL28_bc2163_19153.5mC.6mA.aligned.phased.bam	/project/spott/1_Shared_projects/LCL_Fiber_seq/preprocess_final_merged_samples/AL28_bc2163_19153/AL28_bc2163_19153.5mC.6mA.aligned.phased.vcf.gz
AL30_bc2179_18510	AL30	NA18510	/project/spott/1_Shared_projects/LCL_Fiber_seq/FIRE/results/AL30_bc2179_18510	/project/spott/1_Shared_projects/LCL_Fiber_seq/preprocess_final_merged_samples/AL30_bc2179_18510	AL-30	bc2179	Yes	/project/spott/1_Shared_projects/LCL_Fiber_seq/final_merged_samples/AL30_bc2179_18510.5mC.6mA.nuc.aligned.bam	/project/spott/1_Shared_projects/LCL_Fiber_seq/preprocess_final_merged_samples	/project/spott/1_Shared_projects/LCL_Fiber_seq/preprocess_final_merged_samples/AL30_bc2179_18510.5mC.6mA.aligned.phased.bam	/project/spott/1_Shared_projects/LCL_Fiber_seq/preprocess_final_merged_samples/AL30_bc2179_18510/AL30_bc2179_18510.5mC.6mA.aligned.phased.vcf.gz
AL38_bc2125_18499	AL38	NA18499	/project/spott/1_Shared_projects/LCL_Fiber_seq/FIRE/results/AL38_bc2125_18499	/project/spott/1_Shared_projects/LCL_Fiber_seq/preprocess_final_merged_samples/AL38_bc2125_18499	AL-38	bc2125	Yes	/project/spott/1_Shared_projects/LCL_Fiber_seq/final_merged_samples/AL38_bc2125_18499.5mC.6mA.nuc.aligned.bam	/project/spott/1_Shared_projects/LCL_Fiber_seq/preprocess_final_merged_samples	/project/spott/1_Shared_projects/LCL_Fiber_seq/preprocess_final_merged_samples/AL38_bc2125_18499.5mC.6mA.aligned.phased.bam	/project/spott/1_Shared_projects/LCL_Fiber_seq/preprocess_final_merged_samples/AL38_bc2125_18499/AL38_bc2125_18499.5mC.6mA.aligned.phased.vcf.gz
AL39_bc2133_19207	AL39	NA19207	/project/spott/1_Shared_projects/LCL_Fiber_seq/FIRE/results/AL39_bc2133_19207	/project/spott/1_Shared_projects/LCL_Fiber_seq/preprocess_final_merged_samples/AL39_bc2133_19207	AL-39	bc2133	Yes	/project/spott/1_Shared_projects/LCL_Fiber_seq/final_merged_samples/AL39_bc2133_19207.5mC.6mA.nuc.aligned.bam	/project/spott/1_Shared_projects/LCL_Fiber_seq/preprocess_final_merged_samples	/project/spott/1_Shared_projects/LCL_Fiber_seq/preprocess_final_merged_samples/AL39_bc2133_19207.5mC.6mA.aligned.phased.bam	/project/spott/1_Shared_projects/LCL_Fiber_seq/preprocess_final_merged_samples/AL39_bc2133_19207/AL39_bc2133_19207.5mC.6mA.aligned.phased.vcf.gz
AL43_bc2149_18511	AL43	NA18511	/project/spott/1_Shared_projects/LCL_Fiber_seq/FIRE/results/AL43_bc2149_18511	/project/spott/1_Shared_projects/LCL_Fiber_seq/preprocess_final_merged_samples/AL43_bc2149_18511	AL-43	bc2149	Yes	/project/spott/1_Shared_projects/LCL_Fiber_seq/final_merged_samples/AL43_bc2149_18511.5mC.6mA.nuc.aligned.bam	/project/spott/1_Shared_projects/LCL_Fiber_seq/preprocess_final_merged_samples	/project/spott/1_Shared_projects/LCL_Fiber_seq/preprocess_final_merged_samples/AL43_bc2149_18511.5mC.6mA.aligned.phased.bam	/project/spott/1_Shared_projects/LCL_Fiber_seq/preprocess_final_merged_samples/AL43_bc2149_18511/AL43_bc2149_18511.5mC.6mA.aligned.phased.vcf.gz
AL44_bc2157_19138	AL44	NA19138	/project/spott/1_Shared_projects/LCL_Fiber_seq/FIRE/results/AL44_bc2157_19138	/project/spott/1_Shared_projects/LCL_Fiber_seq/preprocess_final_merged_samples/AL44_bc2157_19138	AL-44	bc2157	Yes	/project/spott/1_Shared_projects/LCL_Fiber_seq/final_merged_samples/AL44_bc2157_19138.5mC.6mA.nuc.aligned.bam	/project/spott/1_Shared_projects/LCL_Fiber_seq/preprocess_final_merged_samples	/project/spott/1_Shared_projects/LCL_Fiber_seq/preprocess_final_merged_samples/AL44_bc2157_19138.5mC.6mA.aligned.phased.bam	/project/spott/1_Shared_projects/LCL_Fiber_seq/preprocess_final_merged_samples/AL44_bc2157_19138/AL44_bc2157_19138.5mC.6mA.aligned.phased.vcf.gz
AL45_bc2110_19201	AL45	NA19201	/project/spott/1_Shared_projects/LCL_Fiber_seq/FIRE/results/AL45_bc2110_19201	/project/spott/1_Shared_projects/LCL_Fiber_seq/preprocess_final_merged_samples/AL45_bc2110_19201	AL-45	bc2110	Yes	/project/spott/1_Shared_projects/LCL_Fiber_seq/final_merged_samples/AL45_bc2110_19201.5mC.6mA.nuc.aligned.bam	/project/spott/1_Shared_projects/LCL_Fiber_seq/preprocess_final_merged_samples	/project/spott/1_Shared_projects/LCL_Fiber_seq/preprocess_final_merged_samples/AL45_bc2110_19201.5mC.6mA.aligned.phased.bam	/project/spott/1_Shared_projects/LCL_Fiber_seq/preprocess_final_merged_samples/AL45_bc2110_19201/AL45_bc2110_19201.5mC.6mA.aligned.phased.vcf.gz
AL46_bc2118_19194	AL46	NA19194	/project/spott/1_Shared_projects/LCL_Fiber_seq/FIRE/results/AL46_bc2118_19194	/project/spott/1_Shared_projects/LCL_Fiber_seq/preprocess_final_merged_samples/AL46_bc2118_19194	AL-46	bc2118	No	/project/spott/1_Shared_projects/LCL_Fiber_seq/final_merged_samples/AL46_bc2118_19194.5mC.6mA.nuc.aligned.bam	/project/spott/1_Shared_projects/LCL_Fiber_seq/preprocess_final_merged_samples	/project/spott/1_Shared_projects/LCL_Fiber_seq/preprocess_final_merged_samples/AL46_bc2118_19194.5mC.6mA.nuc.aligned.bam	/project/spott/1_Shared_projects/LCL_Fiber_seq/preprocess_final_merged_samples/AL46_bc2118_19194/AL46_bc2118_19194.5mC.6mA.aligned.phased.vcf.gz
AL47_bc2126_19222	AL47	NA19222	/project/spott/1_Shared_projects/LCL_Fiber_seq/FIRE/results/AL47_bc2126_19222	/project/spott/1_Shared_projects/LCL_Fiber_seq/preprocess_final_merged_samples/AL47_bc2126_19222	AL-47	bc2126	Yes	/project/spott/1_Shared_projects/LCL_Fiber_seq/final_merged_samples/AL47_bc2126_19222.5mC.6mA.nuc.aligned.bam	/project/spott/1_Shared_projects/LCL_Fiber_seq/preprocess_final_merged_samples	/project/spott/1_Shared_projects/LCL_Fiber_seq/preprocess_final_merged_samples/AL47_bc2126_19222.5mC.6mA.aligned.phased.bam	/project/spott/1_Shared_projects/LCL_Fiber_seq/preprocess_final_merged_samples/AL47_bc2126_19222/AL47_bc2126_19222.5mC.6mA.aligned.phased.vcf.gz
AL48_bc2134_18505	AL48	NA18505	/project/spott/1_Shared_projects/LCL_Fiber_seq/FIRE/results/AL48_bc2134_18505	/project/spott/1_Shared_projects/LCL_Fiber_seq/preprocess_final_merged_samples/AL48_bc2134_18505	AL-48	bc2134	Yes	/project/spott/1_Shared_projects/LCL_Fiber_seq/final_merged_samples/AL48_bc2134_18505.5mC.6mA.nuc.aligned.bam	/project/spott/1_Shared_projects/LCL_Fiber_seq/preprocess_final_merged_samples	/project/spott/1_Shared_projects/LCL_Fiber_seq/preprocess_final_merged_samples/AL48_bc2134_18505.5mC.6mA.aligned.phased.bam	/project/spott/1_Shared_projects/LCL_Fiber_seq/preprocess_final_merged_samples/AL48_bc2134_18505/AL48_bc2134_18505.5mC.6mA.aligned.phased.vcf.gz
AL49_bc2142_19103	AL49	NA19103	/project/spott/1_Shared_projects/LCL_Fiber_seq/FIRE/results/AL49_bc2142_19103	/project/spott/1_Shared_projects/LCL_Fiber_seq/preprocess_final_merged_samples/AL49_bc2142_19103	AL-49	bc2142	No	/project/spott/1_Shared_projects/LCL_Fiber_seq/final_merged_samples/AL49_bc2142_19103.5mC.6mA.nuc.aligned.bam	/project/spott/1_Shared_projects/LCL_Fiber_seq/preprocess_final_merged_samples	/project/spott/1_Shared_projects/LCL_Fiber_seq/preprocess_final_merged_samples/AL49_bc2142_19103.5mC.6mA.nuc.aligned.bam	/project/spott/1_Shared_projects/LCL_Fiber_seq/preprocess_final_merged_samples/AL49_bc2142_19103/AL49_bc2142_19103.5mC.6mA.aligned.phased.vcf.gz
AL50_bc2111_18858	AL50	NA18858	/project/spott/1_Shared_projects/LCL_Fiber_seq/FIRE/results/AL50_bc2111_18858	/project/spott/1_Shared_projects/LCL_Fiber_seq/preprocess_final_merged_samples/AL50_bc2111_18858	AL-50	bc2111	Yes	/project/spott/1_Shared_projects/LCL_Fiber_seq/final_merged_samples/AL50_bc2111_18858.5mC.6mA.nuc.aligned.bam	/project/spott/1_Shared_projects/LCL_Fiber_seq/preprocess_final_merged_samples	/project/spott/1_Shared_projects/LCL_Fiber_seq/preprocess_final_merged_samples/AL50_bc2111_18858.5mC.6mA.aligned.phased.bam	/project/spott/1_Shared_projects/LCL_Fiber_seq/preprocess_final_merged_samples/AL50_bc2111_18858/AL50_bc2111_18858.5mC.6mA.aligned.phased.vcf.gz
AL51_bc2119_19223	AL51	NA19223	/project/spott/1_Shared_projects/LCL_Fiber_seq/FIRE/results/AL51_bc2119_19223	/project/spott/1_Shared_projects/LCL_Fiber_seq/preprocess_final_merged_samples/AL51_bc2119_19223	AL-51	bc2119	Yes	/project/spott/1_Shared_projects/LCL_Fiber_seq/final_merged_samples/AL51_bc2119_19223.5mC.6mA.nuc.aligned.bam	/project/spott/1_Shared_projects/LCL_Fiber_seq/preprocess_final_merged_samples	/project/spott/1_Shared_projects/LCL_Fiber_seq/preprocess_final_merged_samples/AL51_bc2119_19223.5mC.6mA.aligned.phased.bam	/project/spott/1_Shared_projects/LCL_Fiber_seq/preprocess_final_merged_samples/AL51_bc2119_19223/AL51_bc2119_19223.5mC.6mA.aligned.phased.vcf.gz
AL54_bc2143_19192	AL54	NA19192	/project/spott/1_Shared_projects/LCL_Fiber_seq/FIRE/results/AL54_bc2143_19192	/project/spott/1_Shared_projects/LCL_Fiber_seq/preprocess_final_merged_samples/AL54_bc2143_19192	AL-54	bc2143	Yes	/project/spott/1_Shared_projects/LCL_Fiber_seq/final_merged_samples/AL54_bc2143_19192.5mC.6mA.nuc.aligned.bam	/project/spott/1_Shared_projects/LCL_Fiber_seq/preprocess_final_merged_samples	/project/spott/1_Shared_projects/LCL_Fiber_seq/preprocess_final_merged_samples/AL54_bc2143_19192.5mC.6mA.aligned.phased.bam	/project/spott/1_Shared_projects/LCL_Fiber_seq/preprocess_final_merged_samples/AL54_bc2143_19192/AL54_bc2143_19192.5mC.6mA.aligned.phased.vcf.gz
AL55_bc2112_19238	AL55	NA19238	/project/spott/1_Shared_projects/LCL_Fiber_seq/FIRE/results/AL55_bc2112_19238	/project/spott/1_Shared_projects/LCL_Fiber_seq/preprocess_final_merged_samples/AL55_bc2112_19238	AL-55	bc2112	Yes	/project/spott/1_Shared_projects/LCL_Fiber_seq/final_merged_samples/AL55_bc2112_19238.5mC.6mA.nuc.aligned.bam	/project/spott/1_Shared_projects/LCL_Fiber_seq/preprocess_final_merged_samples	/project/spott/1_Shared_projects/LCL_Fiber_seq/preprocess_final_merged_samples/AL55_bc2112_19238.5mC.6mA.aligned.phased.bam	/project/spott/1_Shared_projects/LCL_Fiber_seq/preprocess_final_merged_samples/AL55_bc2112_19238/AL55_bc2112_19238.5mC.6mA.aligned.phased.vcf.gz
AL56_bc2120_18489	AL56	NA18489	/project/spott/1_Shared_projects/LCL_Fiber_seq/FIRE/results/AL56_bc2120_18489	/project/spott/1_Shared_projects/LCL_Fiber_seq/preprocess_final_merged_samples/AL56_bc2120_18489	AL-56	bc2120	Yes	/project/spott/1_Shared_projects/LCL_Fiber_seq/final_merged_samples/AL56_bc2120_18489.5mC.6mA.nuc.aligned.bam	/project/spott/1_Shared_projects/LCL_Fiber_seq/preprocess_final_merged_samples	/project/spott/1_Shared_projects/LCL_Fiber_seq/preprocess_final_merged_samples/AL56_bc2120_18489.5mC.6mA.aligned.phased.bam	/project/spott/1_Shared_projects/LCL_Fiber_seq/preprocess_final_merged_samples/AL56_bc2120_18489/AL56_bc2120_18489.5mC.6mA.aligned.phased.vcf.gz
AL57_bc2128_19132	AL57	NA19132	/project/spott/1_Shared_projects/LCL_Fiber_seq/FIRE/results/AL57_bc2128_19132	/project/spott/1_Shared_projects/LCL_Fiber_seq/preprocess_final_merged_samples/AL57_bc2128_19132	AL-57	bc2128	No	/project/spott/1_Shared_projects/LCL_Fiber_seq/final_merged_samples/AL57_bc2128_19132.5mC.6mA.nuc.aligned.bam	/project/spott/1_Shared_projects/LCL_Fiber_seq/preprocess_final_merged_samples	/project/spott/1_Shared_projects/LCL_Fiber_seq/preprocess_final_merged_samples/AL57_bc2128_19132.5mC.6mA.nuc.aligned.bam	/project/spott/1_Shared_projects/LCL_Fiber_seq/preprocess_final_merged_samples/AL57_bc2128_19132/AL57_bc2128_19132.5mC.6mA.aligned.phased.vcf.gz
AL58_bc2136_19129	AL58	NA19129	/project/spott/1_Shared_projects/LCL_Fiber_seq/FIRE/results/AL58_bc2136_19129	/project/spott/1_Shared_projects/LCL_Fiber_seq/preprocess_final_merged_samples/AL58_bc2136_19129	AL-58	bc2136	Yes	/project/spott/1_Shared_projects/LCL_Fiber_seq/final_merged_samples/AL58_bc2136_19129.5mC.6mA.nuc.aligned.bam	/project/spott/1_Shared_projects/LCL_Fiber_seq/preprocess_final_merged_samples	/project/spott/1_Shared_projects/LCL_Fiber_seq/preprocess_final_merged_samples/AL58_bc2136_19129.5mC.6mA.aligned.phased.bam	/project/spott/1_Shared_projects/LCL_Fiber_seq/preprocess_final_merged_samples/AL58_bc2136_19129/AL58_bc2136_19129.5mC.6mA.aligned.phased.vcf.gz
AL59_bc2144_19143	AL59	NA19143	/project/spott/1_Shared_projects/LCL_Fiber_seq/FIRE/results/AL59_bc2144_19143	/project/spott/1_Shared_projects/LCL_Fiber_seq/preprocess_final_merged_samples/AL59_bc2144_19143	AL-59	bc2144	Yes	/project/spott/1_Shared_projects/LCL_Fiber_seq/final_merged_samples/AL59_bc2144_19143.5mC.6mA.nuc.aligned.bam	/project/spott/1_Shared_projects/LCL_Fiber_seq/preprocess_final_merged_samples	/project/spott/1_Shared_projects/LCL_Fiber_seq/preprocess_final_merged_samples/AL59_bc2144_19143.5mC.6mA.aligned.phased.bam	/project/spott/1_Shared_projects/LCL_Fiber_seq/preprocess_final_merged_samples/AL59_bc2144_19143/AL59_bc2144_19143.5mC.6mA.aligned.phased.vcf.gz
AL60_bc2152_18519	AL60	NA18519	/project/spott/1_Shared_projects/LCL_Fiber_seq/FIRE/results/AL60_bc2152_18519	/project/spott/1_Shared_projects/LCL_Fiber_seq/preprocess_final_merged_samples/AL60_bc2152_18519	AL-60 (AL-4)	bc2152	Yes	/project/spott/1_Shared_projects/LCL_Fiber_seq/final_merged_samples/AL60_bc2152_18519.5mC.6mA.nuc.aligned.bam	/project/spott/1_Shared_projects/LCL_Fiber_seq/preprocess_final_merged_samples	/project/spott/1_Shared_projects/LCL_Fiber_seq/preprocess_final_merged_samples/AL60_bc2152_18519.5mC.6mA.aligned.phased.bam	/project/spott/1_Shared_projects/LCL_Fiber_seq/preprocess_final_merged_samples/AL60_bc2152_18519/AL60_bc2152_18519.5mC.6mA.aligned.phased.vcf.gz
AL61_bc2160_18498	AL61	NA18498	/project/spott/1_Shared_projects/LCL_Fiber_seq/FIRE/results/AL61_bc2160_18498	/project/spott/1_Shared_projects/LCL_Fiber_seq/preprocess_final_merged_samples/AL61_bc2160_18498	AL-61 (AL-36)	bc2160	Yes	/project/spott/1_Shared_projects/LCL_Fiber_seq/final_merged_samples/AL61_bc2160_18498.5mC.6mA.nuc.aligned.bam	/project/spott/1_Shared_projects/LCL_Fiber_seq/preprocess_final_merged_samples	/project/spott/1_Shared_projects/LCL_Fiber_seq/preprocess_final_merged_samples/AL61_bc2160_18498.5mC.6mA.aligned.phased.bam	/project/spott/1_Shared_projects/LCL_Fiber_seq/preprocess_final_merged_samples/AL61_bc2160_18498/AL61_bc2160_18498.5mC.6mA.aligned.phased.vcf.gz
AL62_bc2168_19140	AL62	NA19140	/project/spott/1_Shared_projects/LCL_Fiber_seq/FIRE/results/AL62_bc2168_19140	/project/spott/1_Shared_projects/LCL_Fiber_seq/preprocess_final_merged_samples/AL62_bc2168_19140	AL-62 (AL-17)	bc2168	Yes	/project/spott/1_Shared_projects/LCL_Fiber_seq/final_merged_samples/AL62_bc2168_19140.5mC.6mA.nuc.aligned.bam	/project/spott/1_Shared_projects/LCL_Fiber_seq/preprocess_final_merged_samples	/project/spott/1_Shared_projects/LCL_Fiber_seq/preprocess_final_merged_samples/AL62_bc2168_19140.5mC.6mA.aligned.phased.bam	/project/spott/1_Shared_projects/LCL_Fiber_seq/preprocess_final_merged_samples/AL62_bc2168_19140/AL62_bc2168_19140.5mC.6mA.aligned.phased.vcf.gz
AL29AL40AL53_bc2171bc2141bc2132_18916	AL29AL40AL53	NA18916	/project/spott/1_Shared_projects/LCL_Fiber_seq/FIRE/results/AL29AL40AL53_bc2171bc2141bc2132_18916	/project/spott/1_Shared_projects/LCL_Fiber_seq/preprocess_final_merged_samples/AL29AL40AL53_bc2171bc2141bc2132_18916	AL29AL40AL53	bc2171bc2141bc2132	Yes	/project/spott/1_Shared_projects/LCL_Fiber_seq/final_merged_samples/18916_AL40AL53AL29.5mC.6mA.nuc.aligned.bam	/project/spott/1_Shared_projects/LCL_Fiber_seq/preprocess_final_merged_samples	/project/spott/1_Shared_projects/LCL_Fiber_seq/preprocess_final_merged_samples/AL29AL40AL53_bc2171bc2141bc2132_18916.5mC.6mA.aligned.phased.bam	/project/spott/1_Shared_projects/LCL_Fiber_seq/preprocess_final_merged_samples/AL29AL40AL53_bc2171bc2141bc2132_18916/AL29AL40AL53_bc2171bc2141bc2132_18916.5mC.6mA.aligned.phased.vcf.gz
